{
"skeleton": { "hash": "ZWnx5o+fTOcV4jhiRQtBARQKjBc", "spine": "2.1.27", "width": 196.93, "height": 131.93, "images": "" },
"bones": [
	{ "name": "root" },
	{ "name": "changegun", "parent": "root", "x": -3.9, "y": 18.15 },
	{ "name": "scale", "parent": "root", "x": 4, "y": 17.97, "scaleX": 0.7, "scaleY": 0.7 },
	{ "name": "bone", "parent": "scale", "x": -14.65, "y": -67.89, "scaleX": 4.465, "scaleY": 4.668 },
	{ "name": "bone2", "parent": "scale", "x": -5.49, "y": -63.55, "scaleX": 3.862, "scaleY": 5.976 },
	{ "name": "bone3", "parent": "scale", "x": 13.78, "y": -5.69, "scaleX": 0.714, "scaleY": 0.714 },
	{ "name": "bone4", "parent": "scale", "x": -39.23, "y": 0.57, "scaleX": 0.714, "scaleY": 0.714 },
	{ "name": "bone5", "parent": "scale", "x": 59.57, "y": -31.72, "scaleX": 0.714, "scaleY": 0.714 },
	{ "name": "bone6", "parent": "scale", "x": -67.67, "y": -40.87, "scaleX": 0.714, "scaleY": 0.714, "rotation": -84.93 },
	{ "name": "bone7", "parent": "changegun", "x": 2.91, "y": 57.51 }
],
"slots": [
	{ "name": "build_splight", "bone": "bone2", "attachment": "build_splight" },
	{ "name": "build_splight2", "bone": "bone", "attachment": "build_splight2" },
	{ "name": "changegun", "bone": "changegun", "attachment": "girl_gatling3" },
	{ "name": "sp_finishedyellowstar", "bone": "bone5", "attachment": "sp_finishedyellowstar" },
	{ "name": "sp_finishedyellowstar2", "bone": "bone3", "attachment": "sp_finishedyellowstar" },
	{ "name": "sp_finishedyellowstar3", "bone": "bone4", "attachment": "sp_finishedyellowstar" },
	{ "name": "sp_finishedyellowstar4", "bone": "bone6", "attachment": "sp_finishedyellowstar" },
	{ "name": "build_splighttext", "bone": "bone7", "attachment": "build_splighttext" }
],
"skins": {
	"default": {
		"build_splight": {
			"build_splight": { "x": 1.92, "y": 14.45, "scaleX": 0.787, "scaleY": 0.875, "width": 75, "height": 31 }
		},
		"build_splight2": {
			"build_splight2": { "x": 2.89, "y": 23.61, "scaleX": 0.787, "scaleY": 0.875, "width": 80, "height": 43 }
		},
		"build_splighttext": {
			"build_splighttext": { "x": 0.26, "y": 0.52, "width": 63, "height": 36 }
		},
		"changegun": {
			"girl_biggun3": { "x": 6.81, "y": 2.8, "scaleX": 0.908, "scaleY": 0.908, "width": 138, "height": 70 },
			"girl_gatling3": { "x": 4.81, "y": 3.2, "scaleX": 0.834, "scaleY": 0.834, "width": 166, "height": 93 },
			"girl_ray3": { "x": 8.82, "y": 5.61, "scaleX": 0.883, "scaleY": 0.883, "width": 143, "height": 93 },
			"pc_gungirl_ak3": { "width": 110, "height": 62 },
			"pc_gungirl_crossbow3": { "x": 6.81, "y": 15.63, "scaleX": 0.775, "scaleY": 0.676, "width": 139, "height": 172 },
			"pc_gungirl_firegun3": { "x": 14.03, "y": 1.6, "scaleX": 0.867, "scaleY": 0.867, "width": 186, "height": 87 },
			"pc_gungirl_shotgun3": { "x": 6.81, "width": 111, "height": 44 }
		},
		"sp_finishedyellowstar": {
			"sp_finishedyellowstar": { "rotation": -136.49, "width": 33, "height": 33 }
		},
		"sp_finishedyellowstar2": {
			"sp_finishedyellowstar": { "rotation": -44.07, "width": 33, "height": 33 }
		},
		"sp_finishedyellowstar3": {
			"sp_finishedyellowstar": { "width": 33, "height": 33 }
		},
		"sp_finishedyellowstar4": {
			"sp_finishedyellowstar": { "width": 33, "height": 33 }
		}
	}
},
"events": {
	"event_showbuilding": {}
},
"animations": {
	"animation": {
		"slots": {
			"build_splight": {
				"color": [
					{ "time": 0.3, "color": "ffffffff" },
					{ "time": 0.6333, "color": "ffffff00" }
				]
			},
			"build_splight2": {
				"color": [
					{ "time": 0.3, "color": "ffffffff" },
					{ "time": 0.4666, "color": "ffffff00", "curve": "stepped" },
					{ "time": 0.6333, "color": "ffffff00" }
				]
			}
		},
		"bones": {
			"bone2": {
				"rotate": [
					{ "time": 0, "angle": 0 }
				],
				"translate": [
					{ "time": 0, "x": 0, "y": -0.61 },
					{ "time": 0.0333, "x": 0, "y": 6.14 }
				],
				"scale": [
					{ "time": 0, "x": 0, "y": 0 },
					{ "time": 0.0333, "x": 1.002, "y": 0.788 },
					{ "time": 0.6333, "x": 1.162, "y": 0.992 }
				]
			},
			"bone": {
				"rotate": [
					{ "time": 0, "angle": 0 }
				],
				"translate": [
					{ "time": 0, "x": -0.61, "y": 0 }
				],
				"scale": [
					{ "time": 0, "x": 0, "y": 0 },
					{ "time": 0.0666, "x": 0.985, "y": 1.049 },
					{ "time": 0.4666, "x": 1.047, "y": 1.256, "curve": "stepped" },
					{ "time": 0.6333, "x": 1.047, "y": 1.256 }
				]
			},
			"bone3": {
				"rotate": [
					{ "time": 0, "angle": 0, "curve": "stepped" },
					{
						"time": 0.1333,
						"angle": 0,
						"curve": [ 0, 0.79, 0.75, 1 ]
					},
					{ "time": 0.9, "angle": 180 }
				],
				"translate": [
					{ "time": 0, "x": 35.74, "y": -3.57, "curve": "stepped" },
					{
						"time": 0.1333,
						"x": 35.74,
						"y": -3.57,
						"curve": [ 0, 0.79, 0.75, 1 ]
					},
					{ "time": 0.9, "x": 52.87, "y": 134.46 }
				],
				"scale": [
					{ "time": 0, "x": 0, "y": 0, "curve": "stepped" },
					{
						"time": 0.1333,
						"x": 0,
						"y": 0,
						"curve": [ 0, 0.79, 0.75, 1 ]
					},
					{ "time": 0.3, "x": 2, "y": 2 },
					{ "time": 0.9, "x": 0, "y": 0 }
				]
			},
			"bone4": {
				"rotate": [
					{ "time": 0, "angle": 0, "curve": "stepped" },
					{
						"time": 0.2333,
						"angle": 0,
						"curve": [ 0.11, 0.93, 0.75, 1 ]
					},
					{ "time": 0.7333, "angle": 90 }
				],
				"translate": [
					{ "time": 0, "x": 0, "y": -28.84, "curve": "stepped" },
					{
						"time": 0.2333,
						"x": 0,
						"y": -28.84,
						"curve": [ 0.11, 0.93, 0.75, 1 ]
					},
					{ "time": 0.7333, "x": 1.2, "y": 118.59 }
				],
				"scale": [
					{ "time": 0, "x": 0, "y": 0, "curve": "stepped" },
					{
						"time": 0.2333,
						"x": 0,
						"y": 0,
						"curve": [ 0.11, 0.93, 0.75, 1 ]
					},
					{ "time": 0.3, "x": 2, "y": 2 },
					{ "time": 0.7333, "x": 0, "y": 0 }
				]
			},
			"bone5": {
				"rotate": [
					{ "time": 0, "angle": 0, "curve": "stepped" },
					{
						"time": 0.1333,
						"angle": 0,
						"curve": [ 0, 0.75, 0.75, 1 ]
					},
					{ "time": 0.9, "angle": 270 }
				],
				"translate": [
					{ "time": 0, "x": -44.42, "y": -2.18, "curve": "stepped" },
					{
						"time": 0.1333,
						"x": -44.42,
						"y": -2.18,
						"curve": [ 0, 0.75, 0.75, 1 ]
					},
					{ "time": 0.9, "x": -44.42, "y": 91.76 }
				],
				"scale": [
					{ "time": 0, "x": 0, "y": 0, "curve": "stepped" },
					{
						"time": 0.1333,
						"x": 0,
						"y": 0,
						"curve": [ 0, 0.75, 0.75, 1 ]
					},
					{ "time": 0.3, "x": 2, "y": 2 },
					{ "time": 0.9, "x": 0, "y": 0 }
				]
			},
			"bone6": {
				"rotate": [
					{
						"time": 0.2333,
						"angle": 0,
						"curve": [ 0, 0.95, 0.75, 1 ]
					},
					{ "time": 0.9, "angle": 90 }
				],
				"translate": [
					{
						"time": 0.2333,
						"x": 0,
						"y": 0,
						"curve": [ 0, 0.95, 0.75, 1 ]
					},
					{ "time": 0.9, "x": -8.01, "y": 104.86 }
				],
				"scale": [
					{ "time": 0, "x": 0, "y": 0, "curve": "stepped" },
					{
						"time": 0.2333,
						"x": 0,
						"y": 0,
						"curve": [ 0, 0.95, 0.75, 1 ]
					},
					{ "time": 0.4, "x": 2, "y": 2 },
					{ "time": 0.9, "x": 0, "y": 0 }
				]
			},
			"changegun": {
				"rotate": [
					{ "time": 0, "angle": 0, "curve": "stepped" },
					{ "time": 0.9, "angle": 0 }
				],
				"translate": [
					{ "time": 0, "x": 0, "y": 0 },
					{ "time": 0.4, "x": 0, "y": -11.83 },
					{ "time": 0.9, "x": 0, "y": 0 }
				],
				"scale": [
					{ "time": 0, "x": 1, "y": 1, "curve": "stepped" },
					{ "time": 0.9, "x": 1, "y": 1 }
				]
			},
			"bone7": {
				"rotate": [
					{ "time": 0, "angle": 0, "curve": "stepped" },
					{ "time": 0.3666, "angle": 0 }
				],
				"translate": [
					{ "time": 0, "x": 0, "y": 0, "curve": "stepped" },
					{ "time": 0.3666, "x": 0, "y": 0 }
				],
				"scale": [
					{ "time": 0, "x": 1, "y": 1, "curve": "stepped" },
					{ "time": 0.3666, "x": 1, "y": 1 },
					{ "time": 0.4333, "x": 1.329, "y": 1.329 },
					{ "time": 0.5, "x": 1.07, "y": 1.07 },
					{ "time": 0.5666, "x": 1.165, "y": 1.165 },
					{ "time": 0.6666, "x": 1, "y": 1 }
				]
			}
		}
	}
}
}